{
  "summary": {
    "totalFiles": 5,
    "totalFoci": 15,
    "successfulFoci": 13,
    "fallbackRate": 0.1333333333333333,
    "foveaFidelityRate": 1,
    "avgTfcRatio": 0.8221420467741445,
    "avgLegacyAggressiveRatio": 0.8534185880345333,
    "avgLegacyTier3Ratio": 0.7136176632203731,
    "avgTfcAdvantageOverAggressive": -0.014515752498121315,
    "avgTfcAdvantageOverTier3": 0.09786158229192186,
    "avgCacheSpeedup": 34.14069454175505,
    "p50TfcRatio": 0.847679547282865,
    "p95TfcRatio": 0.8990750459197061,
    "minTfcRatio": 0.6317701732150401,
    "maxTfcRatio": 0.8990750459197061,
    "maxBoundaryRatio": 0.9817020145900768,
    "maxBoundaryFactor": 54.65082508250825,
    "maxBoundaryFocus": "isBooted",
    "maxBoundaryFile": "src\\kernel\\nreki-kernel.ts"
  },
  "results": [
    {
      "file": "src\\kernel\\nreki-kernel.ts",
      "rawBytes": 84040,
      "rawTokens": 23656,
      "focusResults": [
        {
          "focus": "NrekiKernel",
          "focusSize": 81280,
          "tfcTokens": 23656,
          "tfcRatio": 0,
          "tfcAdvantageOverAggressive": -0.9793709841055124,
          "tfcAdvantageOverTier3": -0.746660466689212,
          "foveaFidelity": false,
          "zones": {
            "foveas": [],
            "localParafovea": 0,
            "externalParafovea": 0,
            "upstream": 0,
            "darkMatterLines": 0
          },
          "fellBack": true
        },
        {
          "focus": "interceptAtomicBatch",
          "focusSize": 20521,
          "tfcTokens": 6929,
          "tfcRatio": 0.707099376781487,
          "tfcAdvantageOverAggressive": -0.27227160732402533,
          "tfcAdvantageOverTier3": -0.039561089907725,
          "foveaFidelity": true,
          "zones": {
            "foveas": [
              "interceptAtomicBatch"
            ],
            "localParafovea": 11,
            "externalParafovea": 8,
            "upstream": 1,
            "darkMatterLines": 653
          },
          "fellBack": false
        },
        {
          "focus": "boot",
          "focusSize": 13389,
          "tfcTokens": 4502,
          "tfcRatio": 0.8096888738586405,
          "tfcAdvantageOverAggressive": -0.16968211024687185,
          "tfcAdvantageOverTier3": 0.06302840716942848,
          "foveaFidelity": true,
          "zones": {
            "foveas": [
              "boot",
              "isBooted"
            ],
            "localParafovea": 12,
            "externalParafovea": 1,
            "upstream": 3,
            "darkMatterLines": 975
          },
          "fellBack": false
        }
      ],
      "boundaryResults": [
        {
          "focus": "getStagingSize",
          "focusLines": 1,
          "focusSize": 57,
          "tfcRatio": 0.9816899367119184,
          "compressionFactor": 54.61477572559367,
          "tokensSaved": 23222,
          "fellBack": false
        },
        {
          "focus": "toPosix",
          "focusLines": 1,
          "focusSize": 61,
          "tfcRatio": 0.9779095608483501,
          "compressionFactor": 45.268452706396936,
          "tokensSaved": 23133,
          "fellBack": false
        },
        {
          "focus": "isBooted",
          "focusLines": 3,
          "focusSize": 64,
          "tfcRatio": 0.9817020145900768,
          "compressionFactor": 54.65082508250825,
          "tokensSaved": 23223,
          "fellBack": false
        }
      ],
      "legacyAdvancedTokens": 488,
      "legacyAdvancedRatio": 0.9793709841055124,
      "legacyTier3Tokens": 5993,
      "legacyTier3Ratio": 0.746660466689212,
      "parseTime1stMs": 1819.3910999999998,
      "parseTime2ndMs": 13.269200000000183,
      "cacheSpeedup": 137.11385011907083
    },
    {
      "file": "src\\hologram\\shadow-generator.ts",
      "rawBytes": 37777,
      "rawTokens": 10300,
      "focusResults": [
        {
          "focus": "classifyNode",
          "focusSize": 4380,
          "tfcTokens": 1569,
          "tfcRatio": 0.847679547282865,
          "tfcAdvantageOverAggressive": 0.06369896475859316,
          "tfcAdvantageOverTier3": 0.11253391621490383,
          "foveaFidelity": true,
          "zones": {
            "foveas": [
              "classifyNode"
            ],
            "localParafovea": 3,
            "externalParafovea": 0,
            "upstream": 1,
            "darkMatterLines": 666
          },
          "fellBack": false
        },
        {
          "focus": "generateShadow",
          "focusSize": 3830,
          "tfcTokens": 1942,
          "tfcRatio": 0.8114788204943272,
          "tfcAdvantageOverAggressive": 0.02749823797005535,
          "tfcAdvantageOverTier3": 0.07633318942636602,
          "foveaFidelity": true,
          "zones": {
            "foveas": [
              "generateShadow",
              "classifyAndGenerateShadow"
            ],
            "localParafovea": 7,
            "externalParafovea": 0,
            "upstream": 1,
            "darkMatterLines": 369
          },
          "fellBack": false
        },
        {
          "focus": "scanProject",
          "focusSize": 3408,
          "tfcTokens": 1351,
          "tfcRatio": 0.8688451829454353,
          "tfcAdvantageOverAggressive": 0.0848646004211635,
          "tfcAdvantageOverTier3": 0.13369955187747418,
          "foveaFidelity": true,
          "zones": {
            "foveas": [
              "scanProject"
            ],
            "localParafovea": 3,
            "externalParafovea": 2,
            "upstream": 0,
            "darkMatterLines": 696
          },
          "fellBack": false
        }
      ],
      "boundaryResults": [
        {
          "focus": "ExportClassification",
          "focusLines": 4,
          "focusSize": 80,
          "tfcRatio": 0.9741185608477351,
          "compressionFactor": 38.637727759914256,
          "tokensSaved": 10033,
          "fellBack": false
        },
        {
          "focus": "ScanStats",
          "focusLines": 6,
          "focusSize": 112,
          "tfcRatio": 0.9750894615662016,
          "compressionFactor": 40.143652561247215,
          "tokensSaved": 10043,
          "fellBack": false
        },
        {
          "focus": "nodeText",
          "focusLines": 3,
          "focusSize": 135,
          "tfcRatio": 0.9720380593081639,
          "compressionFactor": 35.76289682539682,
          "tokensSaved": 10012,
          "fellBack": false
        }
      ],
      "legacyAdvancedTokens": 2225,
      "legacyAdvancedRatio": 0.7839805825242718,
      "legacyTier3Tokens": 2728,
      "legacyTier3Ratio": 0.7351456310679612,
      "parseTime1stMs": 14.31899999999996,
      "parseTime2ndMs": 1.4927000000002408,
      "cacheSpeedup": 9.59268439739911
    },
    {
      "file": "src\\compressor.ts",
      "rawBytes": 36217,
      "rawTokens": 10145,
      "focusResults": [
        {
          "focus": "Compressor",
          "focusSize": 7530,
          "tfcTokens": 3736,
          "tfcRatio": 0.6317701732150401,
          "tfcAdvantageOverAggressive": -0.0899646715360688,
          "tfcAdvantageOverTier3": -0.13757433146706932,
          "foveaFidelity": true,
          "zones": {
            "foveas": [
              "AdvancedCompressor",
              "CompressorOptions",
              "Compressor"
            ],
            "localParafovea": 18,
            "externalParafovea": 2,
            "upstream": 1,
            "darkMatterLines": 88
          },
          "fellBack": false
        },
        {
          "focus": "structuralCompress",
          "focusSize": 4395,
          "tfcTokens": 1545,
          "tfcRatio": 0.8477115899169131,
          "tfcAdvantageOverAggressive": 0.12597674516580415,
          "tfcAdvantageOverTier3": 0.07836708523480362,
          "foveaFidelity": true,
          "zones": {
            "foveas": [
              "structuralCompress"
            ],
            "localParafovea": 3,
            "externalParafovea": 1,
            "upstream": 2,